A Mukkulam,1
Aalangudi,2
Aalathambadi,3
Aandikkadu,4
Aavanam,5
Aavur,6
Abiramam,7
Aduthurai,8
Agaram,9
Agarapalayam,10
Agarappettai,11
Akarathirumaalam,12
Alagapuram,13
Alanganallur,14
Alanganatham,15
Alangayam,16
Alangiyam-dup,17
Alangudi,18
Alangulam,19
Alanthurai,20
Alapatti,21
Alwarkurichi,22
Alwarthirunagari,23
Amathur,24
Ambalur,25
Ambasamudiram_R.F,26
Ambasamudram,27
Ambur,28
Ammapettai,29
Amoor,30
Anaicut,31
Anaimalai,32
Anandur,33
Anchetty,34
Andanallur,35
Andevanapalli,36
Andimadam,37
Andiyappanur,38
Annakavoor,39
Anniyur,40
Annur (North),41
Annur (South),42
Anthiyur,43
Appanur,44
Arachalur,45
Arakandanallur,46
Arakkonam (North),47
Arakkonam (South),48
Aranthangi,49
Arasarkulam,50
Arasur,51
Aravakurichi,52
Arcot,53
Ariyalur,54
Arni,55
Arumanai,56
Arumpuliur,57
Arumugamangalam,58
Aruppukottai,59
Atcharappakkam,60
Athipatti,61
Athoor,62
Attur,63
Aundipatti,64
Authoor,65
Avadi,66
Aval poondurai,67
Avalaurpet,68
Avanashi (East),69
Avanipur,70
Avinashi (West),71
Avudaiyarkoil,72
Ayikudi,73
Ayyakudi,74
Ayyalur,75
Ayyampalayam,76
Azhagiapandipuram,77
Bagalur,78
Banavaram,79
Bargur,80
Barur,81
Belur,82
Berigai,83
Bhavani,84
Bhuvanagiri,85
Bodinayakanur,86
Bodinayakanur_R.F,87
Bogalur,88
Bommidi,89
Boothapandi,90
Brammadesam,91
Budalur,92
Chengalpattu,93
Chengam,94
Chengam_R.F,95
Chennimalai,96
Cherambadi,97
Cheranmahadevi,98
Cherukkanur,99
Chettikulam,100
Chettikurichi,101
Cheyyur,102
Chidambaram,103
Chinnadharapuram,104
Chinnakkampatti,105
Chinnalapatti,106
Chinnamanur,107
Chinnasalem,108
Chinthalavadi,109
Chitlapakkam,110
Cholapuram,111
Colachel,112
Coonoor,113
Cuddalor,114
Cumbum,115
Deevanur,116
Denkanikottai,117
Desur,118
Devakottai,119
Devathanapatti,120
Deversholai,121
Devigapuram,122
Devipattinam,123
Dharapuram,124
Dharmapuri,125
Dharmathupatti,126
Dindigul (East),127
Dindigul (West),128
Dusi,129
Eachankottai,130
Ealayerampannai,131
Edaicode,132
Edaiyur,133
Edappady,134
Elachipalayam,135
Elakkurichi,136
Elavanasurkottai,137
Elavur,138
Elumalai,139
Elurpatti,140
Embal,141
Eragudi,142
Eraiyur,143
Eriodu,144
Ernapuram,145
Erode (East),146
Erode (North),147
Erode (West),148
Erumapatti,149
Erumbi,150
Eruvadi,151
Gandarvakottai,152
Gandarvakottai_R.F,153
Gangaikondan,154
Gangavalli,155
Gingee,156
Gnayiru,157
Govindavadi,158
Gudalur,159
Gudalur_R.F,160
Gudimangalam,161
Gudiyatham (East),162
Gudiyatham (West),163
Gummidipoondi,164
Guthiyalathur,165
Harur,166
Hosur,167
Hosur Town,168
Ilayathankudi,169
Illayarasanendal,170
Illupur,171
Indhili,172
Indur,173
Ithalar,174
Jameen Endathur,175
Jayankondam,176
Jedarpalayam,177
Jolarpet,178
K paramathi,179
K V Kuppam,180
Kabisthalam,181
Kadaladi,182
Kadalaiyoor,183
Kadalkudi,184
Kadambur,185
Kadampuliyur,186
Kadathur,187
Kadavur,188
Kadayam,189
Kadayampatti,190
Kadayanallur,191
Kadayanallur_R.F,192
Kakkadasam,193
Kakkoor,194
Kalakad,195
Kalamarudhur,196
Kalappanaickenpatti,197
Kalasapakkam,198
Kalavai,199
Kaliyampoondi,200
Kalkurichi,201
Kallakkudi,202
Kallakottai,203
Kallakurichi,204
Kallal,205
Kallandiri,206
Kallavi,207
Kallimanthayam,208
Kallurani,209
Kalrayan Hills,210
Kalugumalai,211
Kalvarayan hills,212
Kamanayakkanpatti,213
Kambainallur,214
Kambiliyampatti,215
Kammapuram,216
Kamuthi (West),217
Kanagammachatram,218
Kanai,219
Kandadevi,220
Kandamangalam,221
Kandamanur,222
Kandiyur,223
Kangeyam,224
Kangeyam_R.F,225
Kaniyambadi,226
Kanjanur,227
Kanjikoil,228
Kannankudi,229
Kannanur,230
Kannigaiper,231
Kannivadi,232
Kanniyakumari,233
Karaikudi,234
Karaiyur,235
Karamadai,236
Karambakudi,237
Kariapatti,238
Kariapattinam,239
Karimangalam,240
Karipatty,241
Karisalkulam,242
Karivalamvanthanallur,243
Kariyamanikkam,244
Karumathampatty,245
Karungalakkudi,246
Karunkuzi,247
Karupur,248
Karuvantha,249
Kasipalayam,250
Kathiramangalam,251
Katpadi,252
Kattalai,253
Kattankolathur,254
Kattukotai,255
Kattuputhur,256
Kattur,257
Kavanur,258
Kaveripakkam,259
Kavindapadi,260
Kayathar,261
Keelakarai,262
Keelanbil,263
Keelanilai,264
Keelapalur,265
Keelathattaparai,266
Keelathooval,267
Keerambur,268
Keeranur,269
Kelamangalam,270
Kelapuliyur,271
Kelur,272
Kettavarampalayam,273
Ketty,274
Kil kothagiri,275
Kilampadi,276
Kiliyanur,277
Kiliyur,278
Killukkottai,279
Kilpennathur,280
Kinathukadavu,281
Kodaikanal,282
Kodangipatti,283
Kodumpalur,284
Kodumudi,285
Kodur,286
Kokkulam,287
Kolakkanatham,288
Kolapakkam,289
Kolappalur,290
Kolarpatty,291
Kolathur,292
Kolur,293
Konganapuram,294
Kontagai,295
Koothanallur,296
Koothur,297
Koradacheri,298
Korikkadavu,299
Kothagiri,300
Kottaiyur,301
Kottampatti,302
Kottanatham,303
Kottur,304
Kovagam,305
Kovilangulam,306
Kovilpalayam,307
Kovilpatti,308
Krishnagiri,309
Krishnapuram,310
Kudumiyanmalai,311
Kugalur,312
Kulasekaram,313
Kulathur,314
Kulithalai,315
Kullanchavadi,316
Kulumani,317
Kumarapalayam,318
Kumaratchi,319
Kumbakonam,320
Kundadam,321
Kundah,322
Kundaveli,323
Kundrathur_R.F,324
Kuniamuthur,325
Kunnathur,326
Kunnavakkam,327
Kunniyur,328
Kunnuthur,329
Kuraiyur,330
Kurichi,331
Kurichikottai,332
Kurichy,333
Kurubrapalli,334
Kurumbalur,335
Kurunthancode,336
Kuruvikkarambai,337
L Endaththur,338
Lalgudi,339
Lathur,340
Levinjipuram,341
Maadhanam,342
Madampatty,343
Madathukulam,344
Madhanur,345
Madharpakkam,346
Madhurantakam,347
Madukarai,348
Madukkur,349
Maduramankalam,350
Magaral,351
Mailam,352
Malaiyur,353
Mallal,354
Mallankinar,355
Mallasamuthram,356
Malli,357
Malliyakarai,358
Mamallapuram,359
Mambakkam,360
Mampakkam,361
Manalmedu,362
Manalurpettai,363
Manamadurai,364
Manamathi,365
Manamelkudi,366
Manapparai,367
Manavur,368
Mandakolathur,369
Mandapam,370
Mandapasalai,371
Mangalagudi,372
Mangalam,373
Mangalam ko,374
Mangalapuram,375
Manganallur,376
Manickampalayam,377
Manikandam,378
Maniyachi,379
Manjakkuppam,380
Manjur,381
Manmangalam,382
Mannachanallur,383
Mannargudi,384
Manur,385
Mappedu,386
Marakkanam,387
Marandahalli,388
Marchanayekanpalayam,389
Markayankottai,390
Marungapuri,391
Marungur,392
Mathavakurichi,393
Mathigiri,394
Mathur,395
Mayiladuthurai,396
Mazhaiyur,397
Mechery,398
Medavakkam,399
Meemisal,400
Mel Olakkur,401
Melakodumalur,402
Melapattam,403
Melaselvanur,404
Melavalavu,405
Melmalaiyanur,406
Melpadi,407
Melpallipattu,408
Melpatti,409
Melur,410
Mettupalayam,411
Mettur Town,412
Midalam,413
Milattur,414
Modaiyur,415
Modakkurichi,416
Molasi,417
Moolakaraipatti,418
Morai,419
Morappur,420
Mothagam,421
Mudivaithanendal,422
Mudukkankulam,423
Mudukulathur (North),424
Mugaiyur,425
Mullipattu,426
Mullukurichi,427
Munneerpallam,428
Musiri,429
Muthanenthal,430
Muthulapuram,431
Muthupettai,432
Myladumparai,433
Mylampatti,434
Nachiyapuram,435
Nachiyarkovil,436
Naducauvery,437
Nagalur,438
Nagamalai Pudukottai,439
Nagamangalam,440
Nagapattinam,441
Nagarasampatti,442
Nagercoil,443
Nagudi,444
Naidumangalam,445
Nainarkovil,446
Nainarpalayam,447
Nalli,448
Nallur,449
Namagiripettai,450
Namakkal,451
Nambivayal,452
Nambiyur,453
Nammiyempattu,454
Nangavalli,455
Nangavaram,456
Nanguneri,457
Nanjikottai,458
Narikudi,459
Narthamalai,460
Natarasankottai,461
Nathakadayur,462
Natham,463
Natrampalli,464
Natteri,465
Navalpattu,466
Nedamangalam,467
Nedugula,468
Nedungunam,469
Neerethan,470
Neermoolai,471
Neerpalani,472
Neikkarapatti,473
Nellikuppam,474
Nemili,475
Nenmeni,476
Nerkuppai,477
Nettur,478
Nilakkottai,479
O Veli,480
Oddenchatram,481
Odugathur,482
Okkur,483
Olakkur,484
Omalur,485
Ondipulinaickanur,486
Oonampakkam,487
Orathanad,488
Orathur,489
Oruthattu,490
Osur,491
Othakalmandapam,492
Ottapidaram,493
Paalaiyur,494
Pachal,495
Pachamalai,496
Padanthal,497
Padarndapuli,498
Painkulam,499
Paiyanur,500
Palacode,501
Palaiyur,502
Palamalai,503
Palamedu,504
Palani,505
Palapatti,506
Palayam,507
Palayamkottai,508
Palladam,509
Pallaganuthu,510
Pallakkurichi,511
Pallapatti,512
Pallathur,513
Pallavaram,514
Pallepalli,515
Pallikonda,516
Pallipalayam,517
Pallipattu,518
Pallur,519
Palur,520
Pammal,521
Panagudi,522
Panamarathupatti,523
Panapakkam,524
Pandalgudi,525
Pandalur,526
Pandamangalam,527
Panjapatti,528
Pannapatty,529
Pannikundu,530
Panpoli,531
Panruti,532
Paparapatty,533
Pappakudi,534
Pappampatti,535
Pappireddipatti,536
Pappireddipatti_R.F,537
Paralachi,538
Paramakudi,539
Paramathi,540
Parangipettai,541
Paranji,542
Paranthur,543
Parivallikottai,544
Parthibanur,545
Pasumbalur,546
Pasuvandanai,547
Pattavarthi,548
Pazhankottai,549
Peddappampatti,550
Pennadam,551
Pennagaram,552
Pennagaram_R.F,553
Pennalurpettai,554
Pennathur,555
Peraiyur,556
Peralam,557
Perambalur,558
Peranamallur,559
Peravurani,560
Perianaickenpalayam,561
Periavalavadi,562
Periyakottai,563
Periyamutur,564
Periyanahalli,565
Periyanekamam,566
Pernambut,567
Perumagalur,568
Perumaruthoor,569
Perumbalai,570
Perumpakkam,571
Perunali,572
Perundurai,573
Perungattur,574
Perungulam,575
Peruvalappur,576
Pethanaickenpalayam,577
Pethanaickenpalayam_R.F,578
Pillaiyar Natham,579
Pillaiyarkulam,580
Pochampalli,581
Pollachi (North),582
Pongalore,583
Ponnamaravathi,584
Ponnapuram,585
Ponneri,586
Ponparappi,587
Ponpethi,588
Poolam,589
Poolampatti,590
Poondi,591
Poonimangadu,592
Poovalambedu,593
Poovathakudi,594
Potanery,595
Pudhunagar,596
Puduchatram,597
Puducottai,598
Pudukkottai,599
Pudupadi,600
Pudupalayam,601
Pudupatti,602
Pudur,603
Pudurnadu,604
Pugalur,605
Puliangudi,606
Pulikarai,607
Puliurnatam,608
Pulivalam,609
Puliyal,610
Puliyur,611
Pullambadi,612
Pullur,613
Punjai Puliampatti,614
Puthur,615
R.S.mangalam,616
Radhapuram,617
Rajakkamangalam,618
Rajapalayam,619
Rajathani,620
Ramanathapuram,621
Ramapattinam,622
Ramapuram,623
Rameswaram,624
Ranipet,625
Rasingapuram,626
Rasipuram,627
Rayakottai,628
Reddiapatti,629
Redhills,630
Rettanai,631
Rettichavadi,632
Rishivanthiyam,633
S.S.Kottai,634
S.Tharaikudi,635
S.V.Nagaram,636
Sakkottai,637
Salaigramam,638
Salem Town,639
Saliyamangalam,640
Salwarpatti,641
Samalapuram,642
Samalpatti,643
Sanarpatti,644
Sangarandampalayam,645
Sankagiri (West),646
Sankarankovil,647
Sankarapuram,648
Sankari (East),649
Santhavasal,650
Sarkar Samakulam,651
Sarugani,652
Sathamangalam,653
Sathampadi,654
Sathiyamangalam,655
Sathuvachari,656
Sathyamangalam,657
Sattankulam,658
Sattur,659
Sayalgudi,660
Sedapatti,661
Seidunganallur,662
Seikalathur,663
Seithur,664
Selakarichal,665
Sellappampatti,666
Sellur,667
Sembanarkoil,668
Semmandapatti,669
Sendurai,670
Sengattupatti,671
Sengurichi,672
Senkeerai,673
Sernthamangalam,674
Sevur,675
Shencottai,676
Sholandur,677
Sholingur,678
Sholur,679
Shoolagiri,680
Sikkal,681
Sillathur,682
Silukkapatti,683
Sindupatti,684
Singampatti,685
Singampunari,686
Singanallur,687
Singaperumal Kovil,688
Singarapatai,689
Singavanam,690
Sirkali,691
Sirugambur,692
Sirukaveripakkam,693
Sirupakkam,694
Siruvadi,695
Siruvalur,696
Sithalampattu,697
Sithalingamadam,698
Sithamoor,699
Sittiampakkam,700
Sivagangai,701
Sivagiri,702
Sivagnanapuram,703
Sivakasi,704
Sivanthipatti,705
Sivarakkottai,706
Somasipadi,707
Soonampedu,708
Sooranam,709
South avanashipalayam,710
Srimushnam,711
Sriperumbudur,712
Srivaikundam,713
Suchindrum,714
Sulur,715
Sunjalnatham,716
Suthamaalli,717
T. Kallupatti,718
T.Palur,719
T.Pet,720
Talavadi,721
Tambaram_R.F,722
Tenkasi,723
Thahattur,724
Thalaivasal,725
Thalaivasal_R.F,726
Thalanayar,727
Thalapatti,728
Thalayamanglam,729
Thalli,730
Thamarakki,731
Thambikkottai,732
Thandalam,733
Thandarampet,734
Thandikudi,735
Thanichayam,736
Thanipadi,737
Thanjavur,738
Tharamangalam,739
Thayamangalam,740
Theerthamalai,741
Thekkur,742
Thellar,743
Theni,744
Thenkarai,745
Thenkaraikottai,746
Thenneri,747
Thennilai,748
Theriruveli,749
Therkupoigainallur,750
Thethurai,751
Thevaram,752
Thevoor,753
Thevur,754
Thillaiyadi,755
Thimiri,756
Thingalur,757
Thiru. Uttarakosamangai,758
Thiruchitrambalam,759
Thirukannapuram,760
Thirukkalukundram,761
Thirukkannamangai,762
Thirukostiyur,763
Thirumalaigiri,764
Thirumalayampalayam,765
Thirumangalam,766
Thirumanur,767
Thirumayam,768
Thirunavalur,769
Thirunindravur,770
Thirupalaivanam,771
Thirupalapandal,772
Thirupathur,773
Thirupattur,774
Thiruppachetthi,775
Thirupparankundram,776
Thirupporur,777
Thiruppulivanam,778
Thiruppuvanam,779
Thirupukuzhi,780
Thirupullani,781
Thiruvadanai,782
Thiruvakkulam,783
Thiruvalam,784
Thiruvanthipuram,785
Thiruvarur,786
Thiruvathavur,787
Thiruvattar,788
Thiruvattar_R.F,789
Thiruvengadam,790
Thiruvenkadu,791
Thiruvennainallur,792
Thiruverambur,793
Thiruvezhimizhalai,794
Thiruvidaimaruthur,795
Thiruvilaiyattam,796
Thiurmarugal,797
Thiyagadurgam,798
Thogamalai,799
Thondamuthur,800
Thondi,801
Thoothukudi,802
Thoppampatti,803
Thoranakalpatti,804
Thovalai,805
Thozhudur,806
Thuckalay,807
Thudiyalur,808
Thumbalam,809
Thuneri,810
Thungavi,811
Thuraiyur,812
Thurinjapuram,813
Thurvarankurichi,814
Thuthipet,815
Thuvarankuruchi,816
Tindivanam,817
Tiruchendur,818
Tiruchengode,819
Tiruchuli,820
Tirukkoilur,821
Tirumangalakkottai,822
Tirunelveli,823
Tirupuli Nadu,824
Tiruvalangadu,825
Tiruvannamalai(North),826
Tisayanvilai,827
Titagudi(East),828
Titagudi(West),829
Trichy (South),830
U.Mangalam,831
Udaiyarkudi,832
Udangudi,833
Udayarpalayam,834
Udhagai Town,835
Udhagai_R.F,836
Ullikottai,837
Uppilliyapuram,838
Uppuvelur,839
Urigam,840
Usilampatti,841
Ussoor,842
Uthamapalayam,843
Uthamapalayam_R.F,844
Uthanapalli,845
Uthangarai,846
Uthappanayakanur,847
Uthiramerur,848
Uthukottai,849
Uthumalai,850
V.Periapatty,851
Vaarapatty,852
Vadakkalur,853
Vadakkanandhal,854
Vadamadurai,855
Vadapathimangalam,856
Vadaponparppi,857
Vadasiruvalur,858
Vadasithur,859
Vadathandalam,860
Vaduganthangal,861
Vaiayur,862
Vaitheesvaran Koil,863
Vaiyampatti,864
Vaiyappamalai,865
Vakkadai,866
Valanadu,867
Valapady,868
Valasaiyur,869
Valathur,870
Valavanthi Nadu,871
Valavanur,872
Valayankulam,873
Valayapatti,874
Valivalam,875
Vallam,876
Vallanadu,877
Vallikandapuram,878
Valliyoor,879
Valparai,880
Valparai_R.F,881
Vanagaram,882
Vanapuram,883
Vandavasi,884
Vangal,885
Vanipudur,886
Vaniyambadi,887
Vannikonendal,888
Vanur,889
Varagur,890
Varappur,891
Vasudevanallur,892
Vatchakarapatti,893
Vedanatham,894
Vedaranyam,895
Vedasandur,896
Vedasandur_R.F,897
Veeracholan,898
Veeraganur,899
Veerakeralampudur,900
Veerapandy,901
Veerappatti,902
Veilankanni,903
Velagapuram,904
Velam,905
Vellakadai,906
Vellakoil,907
Vellalur,908
Velliannai,909
Vellichanthai,910
Vellimalai,911
Velliyur,912
Vellode,913
Vembadithalam,914
Vembar,915
Vengalam,916
Vengathur,917
Vengur,918
Vennandur,919
Vennavalkudi,920
Veppanapalli,921
Veppur,922
Veraiyur,923
Vettavalam,924
Vijayanarayanam,925
Vikkiravandi,926
Vilathikulam,927
Vilavancode_R.F,928
Viluppuram,929
Virachilai,930
Viralimalai,931
Virudhachalam (North),932
Virudhachalam (South),933
Virudhunagar,934
Viruveedu,935
Visharam,936
Walajah,937
Ward 10 (Maatu Mandai),938
Ward 107(Anna Nagar),939
Ward 111 (Thousand Lights),940
Ward 12 (Kaladipet (South)),941
Ward 128 (Virugambakkam),942
Ward 132 (Ashok Nagar),943
Ward 140 (Saidapet),944
Ward 148 (Nerkundram),945
Ward 15 (Edayanchavadi),946
Ward 155 (Ramapuram),947
Ward 157 (Alandur),948
Ward 16 (Andarkuppam),949
Ward 163 (Alandur),950
Ward 166 (Alandur),951
Ward 17 (Vadaperumbakkam),952
Ward 170 (Adyar),953
Ward 183 (Perungudi),954
Ward 185 (Perungudi),955
Ward 188 (Perungudi),956
Ward 19 (Mmda Mathur),957
Ward 190 (Perungudi),958
Ward 192 (Sholinganallur),959
Ward 195 (Sholinganallur),960
Ward 196 (Sholinganallur),961
Ward 198 (Sholinganallur),962
Ward 199 (Sholinganallur),963
Ward 22 (Chinnasekkadu),964
Ward 23 (Kavangarai),965
Ward 24 (Puzhal),966
Ward 27 (Arul Nagar),967
Ward 3 (Annai Sivagami Nagar),968
"Ward 40 (Voc Nagar,Ammani Ammal Thottam)",969
Ward 58 (Periyamedu),970
Ward 61 (Egmore),971
Ward 65 (Thiru.Vi. Ka Nagar),972
Ward 68 (Thiru.Vi. Ka Nagar),973
Ward 77 (Thiru.Vi. Ka Nagar),974
Ward 80 (Ambattur),975
Ward 83 (Ambattur),976
Ward 84 (Ambattur),977
Ward 85 (Ambattur),978
Ward 86 (Ambattur),979
Ward 91 (Ambattur),980
Ward 94 (Anna Nagar),981
Ward 95 (Anna Nagar),982
Ward 98 (Anna Nagar),983
Watrap,984
Yercaudtown,985
Yethapur,986
