Adyar,1
Agastheeswaram,2
Alandur,3
Alangudi,4
Alangulam,5
Alathur,6
Ambasamudram,7
Ambattur,8
Ambur,9
Anaicut,10
Anaimalai,11
Anchetty,12
Andimadam,13
Anna Nagar,14
Annur,15
Anthiyur,16
Arakkonam,17
Aranthangi,18
Aravakurichi,19
Arcot,20
Ariyalur,21
Arni,22
Aruppukottai,23
Athoor,24
Attur,25
Aundipatti,26
Avadi,27
Avinashi,28
Avudaiyarkoil,29
Bargur,30
Bhavani,31
Bhuvanagiri,32
Bodinayakanur,33
Budalur,34
Chengalpattu,35
Chengam,36
Cheranmahadevi,37
Chetpet,38
Cheyyar,39
Cheyyur,40
Chidambaram,41
Chinnaselam,42
Coimbatore (North),43
Coimbatore (South),44
Coonoor,45
Cuddalore,46
Denkanikottai,47
Devakottai,48
Dharapuram,49
Dharmapuri,50
Dindigul (East),51
Dindigul (West),52
Edappady,53
Eral,54
Erode,55
Ettayapuram,56
Ganagavalli,57
Gandarvakottai,58
Gingee,59
Gobichettipalayam,60
Gudalur,61
Gudiyatham,62
Gujiliamparai,63
Gummidipoondi,64
Harur,65
Hosur,66
Ilayankudi,67
Illupur,68
Jamunamarathoor,69
K v kuppam,70
Kadaladi,71
Kadavur,72
Kadayampatti,73
Kadayanallur,74
Kalaiyarkovil,75
Kalasapakkam,76
Kalavai,77
Kalkulam,78
Kallakurichi,79
Kalligudi,80
Kalvarayan hills,81
Kamuthi,82
Kancheepuram,83
Kandachipuram,84
Kangeyam,85
Karaikudi,86
Karambakudi,87
Karimangalam,88
Kariyapatti,89
Karur,90
Katpadi,91
Kattumannarkoil,92
Kayathar,93
Keelakarai,94
Killiyoor,95
Kilpennathur,96
Kilvelur,97
Kinathukadavu,98
Kodaikanal,99
Kodambakkam,100
Kodumudi,101
Kolli hills,102
Koothanallur,103
Kotagiri,104
Kovilpatty,105
Krishnagiri,106
Krishnarayapuram,107
Kudavasal,108
Kulathur,109
Kulithalai,110
Kumarapalayam,111
Kumbakonam,112
Kundah,113
Kundrathur,114
Kunnam,115
Kurinjipadi,116
Kuthalam,117
Lalgudi,118
Madathukkulam,119
Madhavaram,120
Madhurantakam,121
Madukarai,122
Madurai (East),123
Madurai (North),124
Madurai (West),125
Manali,126
Manamadurai,127
Manamelkudi,128
Manapparai,129
Manmangalam,130
Mannachanallur,131
Mannargudi,132
Manur,133
Marakkanam,134
Marungapuri,135
Mayiladuthurai,136
Melmalaiyanur,137
Melur,138
Mettupalayam,139
Mettur,140
Modakkurichi,141
Mohanur,142
Mudukulathur,143
Musiri,144
Muthupettai,145
Nagapattinam,146
Nallampalli,147
Namakkal,148
Nambiyur,149
Nanguneri,150
Nannilam,151
Natham,152
Natrampalli,153
Needamangalam,154
Nemili,155
Nilakottai,156
Oddenchatram,157
Omalur,158
Orathanad,159
Ottapidaram,160
Palacode,161
Palani,162
Palayamkottai,163
Palladam,164
Pallavaram,165
Pallipattu,166
Pandalur,167
Panruti,168
Papanasam,169
Pappireddipatti,170
Paramakudi,171
Paramathi velur,172
Pattukottai,173
Pennagaram,174
Peraiyur,175
Perambalur,176
Peravurani,177
Periyakulam,178
Pernambut,179
Perundurai,180
Perungudi,181
Perur,182
Pethanaickenpalayam,183
Pochampalli,184
Pollachi,185
Polur,186
Ponnamaravathi,187
Ponneri,188
Poonamallee,189
Pudukkottai,190
Pugalur,191
R.k. pettai,192
Radhapuram,193
Rajapalayam,194
Rajasingamangalam,195
Ramanathapuram,196
Rameswaram,197
Rasipuram,198
Royapuram,199
Salem,200
Salem (South),201
Salem (West),202
Sankarankovil,203
Sankarapuram,204
Sankari,205
Sathyamangalam,206
Sattankulam,207
Sattur,208
Sendamangalam,209
Sendurai,210
Shencottai,211
Sholinganallur,212
Sholingur,213
Shoolagiri,214
Singampunari,215
Sirkazhi,216
Sivagangai,217
Sivagiri,218
Sivakasi,219
Srimushanam,220
Sriperumbudur,221
Srirangam,222
Srivaikundam,223
Srivlliputhur,224
Sulur,225
Tambaram,226
Tenkasi,227
Thalaivasal,228
Thalavadi,229
Thandrampet,230
Thanjavur,231
Tharangambadi,232
Theni,233
Thiru. Vi. Ka. Nagar,234
Thiruchirapalli-west,235
Thirukkalukundram,236
Thirukkuvalai,237
Thirumayam,238
Thirupattur,239
Thirupparankundram,240
Thirupporur,241
Thiruppuvanam,242
Thiruthuraipoondi,243
Thiruvadani,244
Thiruvaiyaru,245
Thiruvarur,246
Thiruvattar,247
Thiruvengadam,248
Thiruvennainallur,249
Thiruverumbur,250
Thiruvidaimaruthur,251
Thiruvottiyur,252
Thisayanvilai,253
Thoothukudi,254
Thottiam,255
Thovalai,256
Thuraiyur,257
Tindivanam,258
Tiruchendur,259
Tiruchengode,260
Tiruchuli,261
Tirukkoilur,262
Tirumangalam,263
Tirunelveli,264
Tirupattur,265
Tiruppur (South),266
Tiruttani,267
Tiruvallur,268
Tiruvannamalai,269
Titagudi,270
Tondiarpet,271
Udayarpalayam,272
Udhagai,273
Udumalpet,274
Ulundurpet,275
Usilampatti,276
Uthamapalayam,277
Uthangarai,278
Uthiramerur,279
Uthukkuli,280
Uthukottai,281
V.k.pudur,282
Vadipatti,283
Valangaiman,284
Valapady,285
Valasaravakkam,286
Valparai,287
Vanapuram,288
Vandalur,289
Vandavasi,290
Vaniyambadi,291
Vanur,292
Vedaranyam,293
Vedasandur,294
Vellore,295
Vembakkam,296
Vembakkottai,297
Veppanthattai,298
Veppur,299
Vikkiravandi,300
Vilathikulam,301
Vilavancode,302
Villupuram,303
Viralimalai,304
Virudhachalam,305
Virudhunagar,306
Walajabad,307
Walajah,308
Watrap,309
Yercaud,310
Adyar,311
Teynampet,312
